donjuanabreu,
christian.md,
angy_sps,
shengelia_99,
ortizeddie48,
johnnyrayban,
fizzi_88,
jjjcortezzz,
fabriciocorlliok,
gaganjot_rangi,
daniellovi,
yasir_khan_yks,
john_howard911,
aaronpaul13,
jaimepla0901,
heavyy_tea,
badday_6,
smblazerov2017,
joaquin_2903,
lilpappy460,
angeljmmartinez,
adambaals,
nicolasgutierrez37,
ninaad_patel26,
its.darryl16,
cardozo03leandro,
vijayravikanth,
_andreavelasquez,
yugalbhaskar,
hector1125.hm,
bessy_franco,
emi_bilullanos,
timmins_performance,
ntmaven247,
n909909,
aq_guwapp,
jaimeandrade3106,
golu____786,
bshivahari,
o.o_gabo_o.o,
jodhveer_sharma,
pio_ricca,
mwmnlhmydy,
tabb1947,
shashi_reddy_1,
khalilchafikbenbarka,
dhiraj6832,
thrpriiv,
e_vsh1,
miroslavcure,
dylan_stanley,
saladsandpizza,
sweetsforboys,
benjivilsar,
cashflownycc,
tyler40oz,
sonylopez2016,
nushiigli,
latinasems,
christos_hj,
milan_jrkr,
beltranespinozach,
mikeyj.9800,
mauroolencinaa,
dangreenla2,
alejandro_pacaya98,
95acv,
kevinescallon,
profeotaviao,
andrei_branescu,
seanjdonovan,
aria.380,
dimplesbarnett,
goodluck1795,
ovo.stephen,
sharnemurphy,
miguel_260199,
pauldayanlopez,
jekabug12,
erik_357_,
meghrajbhosal,
919.bren,
gonzalogonmu,
_dee911,
mc_bolinhorj,
fjeneidnrjdjd,
rivas0,
suri_44,
emmychz,
yulia__greni,
mego0o_74,
sebrenee,
chris_bman4,
marioeilermz,
emeline.arz,
leia_chollet,
wyattmaddy,
marcoa.mendozaleal,
melfxkennel,
jellygreene,
wallaby.ranger,
eubankskristen,
muraterdemer,
suntech1235,
sepfirst8591,
mohamed_willian,
angelgtz11,
smital22,
rajatsharma_._,
slade.jenkins,
sonusinghsingh.sss5,
lauty.ledesma,
j198c,
y_avi,
matthewvchavez,
franco8858,
kyjzxcok,
ecodiscom_jairr,
1himanshu_thapliyal,
mahyar_en89,
oleg_crow1,
alexy210,
ultra_ahme,
marnalt,
rodriguesster17,
_g.ray9002,
jimmyjaherrera,
ricardo_18xd,
satanic_sorcerer,
alfonso200203,
taylor_callaway3,
kigopidada,
hassanms_,
im_inderjha,
ssoy_aketzali,
deink09643,
the18thletterphotography,
bistidi,
ale.ergo,
albertpalo,
letographe,
thecairn,
zamierulshafiq,
midwest_boy,
linda_taylor96,
descartestin,
nottipoundtown238,
alfighter4,
elflerstyle,
luisngelr,
aptitude_images_photography,
kdleme,
dario.pavan,
jua40,
titanbeta,
tylerwstowe14,
dodssy1,
marcarevalo,
danicado83,
zachvenice,
tidavid8039,
winterlion1954,
ppixcs,
lamanglupa,
aaaluna53,
georgiosstergos,
tonys9023,
jey029,
andreinitamb,
vanggelisl,
k_michael00,
juans_escobar,
oconurft,
fauxhands,
carlosaugusto07,
eddiemacleant,
foxtai1ed,
joseluis061395,
toptrainerla,
richardamiard,
darinkiser,
jay_playin,
noboringdays,
jrllaca,
mkcimagery,
i_arman_,
shoutouts_studs_and_divas_09,
_mr_shivam_official,
i_rah_man,
sohelrajpoot,
itz_jd_world_777,
guptadeepak717,
deepanshu5987,
pawankumartanwani001,
abhaykhuman,
i_am_tousif_khan,
rahibdiwan,
official.fakhar,
malemkhun,
madzherman,
iftekar55,
balram_cool_dude,
uttam6321,
rezaulislam.1886,
love_squad_i43,
heart_of_friends_amit,
waseem_shaikh_official,
tilukhankhan,
sarfraschappu,
kunwar.shivansh,
bhullarsabb_,
shout_out_swaggi_people,
jxjxlgkgg,
_sajid_s4u,
aman.chourasi,
mandeepsingh5384,
surati_shots,
shubhangi4058,
arifkhafi,
madhu_spl_woman,
lokugram_lk,
misammandia94,
rohit___008,
darsh___7,
shubham_saraf143_official,
lav_it_nz3646,
karthi_nivas,
kuldeep.pandat,
im__bondii,
indian_hot_actress,
shivrajseni,
prince_nagar_13,
engineering_shoutouts_,
letafathussain,
h.s.nightrockstar,
vshal_kathi,
deej.rohan.77,
vanpariyamaulik,
mirzagufranbaig,
ank8191,
ruhi__sharma____,
myselfsumanta,
gauravsainiiiii,
joy98759,
mr_nyk_,
daldatum,
sg3290,
limoon1218,
jems3155,
sharukhapalej,
johir_raj,
official_pratham_mahajan,
sandy__verma,
seedhartpanwar,
dm_sisodiya,
_dragon_slayer_4,
neil_khan,
marathasabale,
krunal_thummar_777,
gurtegbir_singh_gill,
theartist_nad,
hiren290396,
wickedariesq,
swappy_akhade_,
raj_s_and_raj_s__,
mdtohidkhan,
deb_0000,
paras4221,
praveen25in,
tailorchampalal,
bilal.shaikh1431713,
surojitkundu79,
krr3137,
kvanoop829,
pabankrdas,
ursaniket,
unpredictable_mysterious_,
biswajit2833,
ajmer52,
sharmasandeep960,
_kate__xoxo_,
chetan.borase.1272,
gomes101ad,
official_vasim_malik,
the_6ft_guy,
ishwarmarwadi,
aymensh543,
lacky6697,
suhailahmadsa013,
hritikthakur___official,
farooqui_abdulla143,
jain_ankur18,
sd_sunil_121,
ramgarhia_mehkma_,
kusumveersingh,
lzeeshanadil,
raviibhati,
dream_photography003,
dineshrajput5804,
uday7visu,
amandacerna_cerny,
isteeyak_khan69,
______nawab______bareilly____,
d7040044g,
saiyyadaasif,
rahulsingh6240,
priyanshu_samar_01,
khansehjad,
aryan_aryan_sh,
rahulray5668,
sahid6924,
ashish.mishra1414,
skyline8179,
deep00470,
askkhan1262,
priyeshj3,
mohammad_yasir_786,
sumon.gkciet.13,
anupsoni13,
rajesh_sachdev_,
_khansonya,
rockyhypersomniac,
rahul_jaikar1432,
mohd.rizwanansari.963,
veerlalwani23,
pc_patel6967,
augustaf4rc,
jeet_rewa_,
khan_baba_6105,
cute_love_storie56,
md.mosharfhoshain,
irfan.mansoori.1614,
avinashhdevgan,
prabhu.laljiii,
iam__lio,
teriguglimugli,
poppy.oye,
rahool37,
_faizul_ansari,
saifkhan2962,
rohitkhanna.af,
ankita_agrawal0303,
sameeribrahim4657,
anuragbe10,
prince_rehan_1.13.7,
ranjitmatter,
viratsingh0099,
kumarm02366,
rs__star,
ra.jkumar4280,
sunnyjaffer,
ravikumarghai,
mithun7227,
kamleshd179,
atif._sheikh,
358zahid,
december_is_mine_always,
kotpauri,
virasat__ali,
hemant_singh_kachhawa,
rajyaguru6408,
multani9874,
siaarju,
lansingcasio,
ziyan_khan7520,
deals_on_brands_india_,
ak7393350,
mhmdltyflmsr,
loveguru4942,
roshan__888,
dmunchun,
prasad3101,
bazgosawal,
kabirjordi,
edson.binho.56,
antwuan21,
emanuelcamarin,
anaadalsharef,
fuentescerrillo,
nattanlara,
josenarvaez0,
danielpimiento03,
purrigiovanni,
d_speer_m,
lraj_zz,
gianke0811,
omom_al_reves,
caandreolli,
bea_fernandes98,
criscitoovando,
gnewatzchavez,
baez_matias_11,
rym.2048,
ecila.fer,
andersonjeorge,
obestrada86,
mario040812,
_m.a.r.t.a.a_,
jarin_javi,
johnscofiel,
leonardogolder,
rivera_balmore,
beautysexytraveler,
bahri7635,
anshu_p13,
johnparassitte,
james_preuss,
rarison.m,
pascha9994,
quality_ladies,
yasmin__kee,
lazaarohakim,
micaela.swan,
misbahudinkhoir,
danittobg,
leonidas3489,
carlossierra98,
chicascruz,
gstvmnslv,
sebastiao_moreira_filho,
andres.coellar,
lewizzz_webb,
ricardooliveira5108,
joaovitor_1204,
itahasiddiqui,
rickyrms21,
niladribarua_nb,
jcolivares58,
diegoxcisneros,
ncls.rb,
erfan.tehrani,
angel_are2014,
monom_darrar,
erdembatikan,
hemmanuel3030,
4manjeff,
carlosi3194,
adilaziz_tiger,
dreina1034,
ashfaque1582,
cagnette_valle_,
foysalhabibrobin,
the_alpha25,
west_coastin47,
